<?xml version="1.0" encoding="UTF-8" ?>
<phpdocumentor>
  <title>Indicia Client Helpers API</title>
  <parser>
    <default-package-name>Client</default-package-name>
    <target>c:\wamp\www\phpdoc</target>
    <markers>
      <item>TODO</item>
      <item>FIXME</item>
    </markers>
    <extensions>
      <extension>php</extension>
      <extension>php3</extension>
      <extension>phtml</extension>
    </extensions>
    <visibility></visibility>
  </parser>
  <files>
    <ignore-hidden>on</ignore-hidden>
    <ignore-symlinks>on</ignore-symlinks>
    <file>helper_base.php</file>
    <file>*helper.php</file>
  </files>
  <transformer>
    <target>c:\wamp\www\phpdoc</target>
  </transformer>
  <logging>
    <level>warn</level>
    <paths>
      <default>{APP_ROOT}/data/log/{DATE}.log</default>
      <errors>{APP_ROOT}/data/log/{DATE}.errors.log</errors>
    </paths>
  </logging>
  <transformations>
    <template name="responsive" />
  </transformations>
</phpdocumentor>